File,Organ,Finding,Classification
0033588e-ae3b-4cc0-aa8e-2ac34857c9cb,Upper GI,barretts,pathological-findings
0c9e0051-684f-4cad-9bd2-ed081d876249,Upper GI,barretts,pathological-findings
0ca3fdfe-1ab5-401c-a7f1-fb13f2586340,Upper GI,barretts,pathological-findings
0ceb7736-72bf-4480-9f98-9060fdddba9f,Upper GI,barretts,pathological-findings
12b11a85-a5ee-4770-b643-254d631c1585,Upper GI,barretts,pathological-findings
1778d904-b13e-4461-9cd4-6a5bf1d3b37c,Upper GI,barretts,pathological-findings
1aab090c-fd5d-45ae-b7a5-32c5eca64840,Upper GI,barretts,pathological-findings
1ba881b6-36de-4e9f-8867-ac9bded80858,Upper GI,barretts,pathological-findings
1e5ac457-5800-43de-91cf-813a5a18e148,Upper GI,barretts,pathological-findings
1f904b6e-a184-4d2f-8dae-8876b293568a,Upper GI,barretts,pathological-findings
217721be-f88d-4630-a85f-c4b22a752ea8,Upper GI,barretts,pathological-findings
226a262c-3a76-41fb-91ec-7122790ab452,Upper GI,barretts,pathological-findings
22fbd274-1353-4bb1-8133-9f0e8433b2e8,Upper GI,barretts,pathological-findings
270c7eb3-1c2e-4ecf-9b61-f38ebf146673,Upper GI,barretts,pathological-findings
2b2a52de-29c0-44ac-b21c-0b47092e566d,Upper GI,barretts,pathological-findings
318bf32b-1d5f-4833-a8a9-b1755e6121a4,Upper GI,barretts,pathological-findings
3463a99e-3b67-4576-946f-e437ac21cb50,Upper GI,barretts,pathological-findings
4b7e9f4f-bf72-43d4-9cfa-d70d58ec5891,Upper GI,barretts,pathological-findings
52ad7d62-e67c-4fdd-ac89-a8f8a7d722a2,Upper GI,barretts,pathological-findings
5460818f-5c1d-4e61-9f90-4f974d150689,Upper GI,barretts,pathological-findings
5a8ecda7-8963-4536-bc2a-414564b2447b,Upper GI,barretts,pathological-findings
5fdcef4e-fb00-489e-b877-88a614662866,Upper GI,barretts,pathological-findings
6548c39a-3f73-491e-99b9-4c364adf23ff,Upper GI,barretts,pathological-findings
68183bba-a974-4dd2-8f5a-15ab429d83c4,Upper GI,barretts,pathological-findings
7c243b75-2082-46ff-b6b2-4b3a734c0dbd,Upper GI,barretts,pathological-findings
7ce23f01-78dd-4133-8b1b-68636217f878,Upper GI,barretts,pathological-findings
8595f95a-5216-44c7-bdf4-dc325f230ecd,Upper GI,barretts,pathological-findings
8b730bab-4e4e-4f92-95f3-91dd345d78a0,Upper GI,barretts,pathological-findings
9393fa83-caa6-4863-a5de-7fa1028da946,Upper GI,barretts,pathological-findings
a6c44fe9-bbf5-4bb5-98f9-082006d6dd05,Upper GI,barretts,pathological-findings
aee0204e-fa72-44f4-82ab-4e89bbaaf67f,Upper GI,barretts,pathological-findings
b1be233d-931b-4859-bb87-fe0263384553,Upper GI,barretts,pathological-findings
b470a84e-6560-4d7c-bb4e-2dbcbd96d17d,Upper GI,barretts,pathological-findings
b994ff9f-38c9-426b-8197-c6fcedd3ea5b,Upper GI,barretts,pathological-findings
c701e6b5-4fbf-45a5-ae6c-4a82b9592e94,Upper GI,barretts,pathological-findings
d7c33881-2184-405b-b115-a86f2118aa18,Upper GI,barretts,pathological-findings
fbc1e03f-2416-40e7-b6fe-16fcf1ebee11,Upper GI,barretts,pathological-findings
fbd2dfd7-e110-47a9-b69f-f404aa0652f8,Upper GI,barretts,pathological-findings
fee3b50b-abad-4bc5-a909-cf1b291f7ef7,Upper GI,barretts,pathological-findings
ff05511a-b483-4589-bd65-89d8077f2c50,Upper GI,barretts,pathological-findings
ff217c66-272b-4144-85b2-e77e8d14f6c4,Upper GI,barretts,pathological-findings
03b9c09d-9018-4104-a249-2ec9c471dbf0,Upper GI,barretts-short-segment,pathological-findings
0411e66e-a3f4-4833-8133-971cbbebefc2,Upper GI,barretts-short-segment,pathological-findings
08b531a8-4ae8-44d7-b92c-69566e84a519,Upper GI,barretts-short-segment,pathological-findings
0bc45252-73c2-4eca-9ed8-6a0e77427fe0,Upper GI,barretts-short-segment,pathological-findings
0efc2d9e-f46d-40d9-afdc-8189c29336e9,Upper GI,barretts-short-segment,pathological-findings
101b7a09-3116-4f28-afc4-e4705999a038,Upper GI,barretts-short-segment,pathological-findings
14f12b72-ec9d-4040-a995-2420072dbd20,Upper GI,barretts-short-segment,pathological-findings
18650e78-2cae-4609-8384-a1b9911f27e7,Upper GI,barretts-short-segment,pathological-findings
237b6b27-a102-46b7-9aa5-ba99c7bcb6c7,Upper GI,barretts-short-segment,pathological-findings
38e800ec-67eb-4218-9e6f-98444df41eaa,Upper GI,barretts-short-segment,pathological-findings
3d73b85f-b2aa-4836-b413-ed50f6637b30,Upper GI,barretts-short-segment,pathological-findings
3dcbbdf8-4c04-4f47-8aa8-e6859258ddab,Upper GI,barretts-short-segment,pathological-findings
44c452dd-f004-4e6f-8a9b-dc779e4d48d2,Upper GI,barretts-short-segment,pathological-findings
463c84ec-2e3e-46c4-9de7-f5f834b28010,Upper GI,barretts-short-segment,pathological-findings
4722aed9-b974-466c-a350-5870ec0383e6,Upper GI,barretts-short-segment,pathological-findings
50219546-53ac-4927-95ea-f81245053521,Upper GI,barretts-short-segment,pathological-findings
5e554e89-b4d6-4926-afe8-d2819693617c,Upper GI,barretts-short-segment,pathological-findings
5f586e2d-2269-41aa-b801-d5ae87129b75,Upper GI,barretts-short-segment,pathological-findings
617ae14a-7c51-4e19-a192-75c7a03bf658,Upper GI,barretts-short-segment,pathological-findings
6361016f-717f-4c1e-a94f-e9750f0944e4,Upper GI,barretts-short-segment,pathological-findings
70921113-09bd-4795-9050-4d633dea80ce,Upper GI,barretts-short-segment,pathological-findings
70d62048-39ec-411f-8e51-81f54a0170cb,Upper GI,barretts-short-segment,pathological-findings
785307ca-667a-4e09-ad4c-e81db22b7d3b,Upper GI,barretts-short-segment,pathological-findings
7a9d0c13-00d2-4220-a47e-ff24d23905e9,Upper GI,barretts-short-segment,pathological-findings
84ceedf7-5ada-4546-8f3f-14fc0c658edb,Upper GI,barretts-short-segment,pathological-findings
8a044c30-eb04-4bdb-be4d-734e1780a4c2,Upper GI,barretts-short-segment,pathological-findings
95a96a24-c097-4d79-b62b-cb86c3840537,Upper GI,barretts-short-segment,pathological-findings
9af95b54-502a-4459-b3b7-faf5fa3ed5a1,Upper GI,barretts-short-segment,pathological-findings
9b852df7-5851-4620-a3ec-1a43a0593171,Upper GI,barretts-short-segment,pathological-findings
9c1c6c31-dfa3-4929-97c8-c4bc0068f9d9,Upper GI,barretts-short-segment,pathological-findings
9cfda4f2-9693-41ed-b972-ee7e3d35ca5b,Upper GI,barretts-short-segment,pathological-findings
a0e5972f-a1af-4b52-a468-9aa028cfbe16,Upper GI,barretts-short-segment,pathological-findings
a30cd737-df9c-46aa-800d-8a2c5986f50b,Upper GI,barretts-short-segment,pathological-findings
a55101b4-5628-4c8e-acbb-78c0ca83e2f1,Upper GI,barretts-short-segment,pathological-findings
a9829b0d-5bfa-423b-b58e-599cb24f4453,Upper GI,barretts-short-segment,pathological-findings
b29a057b-efd5-4a4d-907d-177a8f081767,Upper GI,barretts-short-segment,pathological-findings
c2428751-0786-41e8-a451-0120e1624c78,Upper GI,barretts-short-segment,pathological-findings
c4b05b19-a861-4d69-8b01-57004367cf22,Upper GI,barretts-short-segment,pathological-findings
cae271f6-943d-4632-b860-60a0b928e5e7,Upper GI,barretts-short-segment,pathological-findings
cf06a21b-d3ea-4c51-afa9-329f18be8518,Upper GI,barretts-short-segment,pathological-findings
cf5189c0-a0f6-4c4c-9e96-d773ded6447e,Upper GI,barretts-short-segment,pathological-findings
cf6bfd1e-a2ea-4763-8024-da57df87ceb6,Upper GI,barretts-short-segment,pathological-findings
d0313453-b4ad-4112-ac4e-830966d7c946,Upper GI,barretts-short-segment,pathological-findings
d28adfe1-b3c6-43d1-9ea2-c8f3de9630e2,Upper GI,barretts-short-segment,pathological-findings
d6b620c7-4466-4398-ad48-c020e48d7b29,Upper GI,barretts-short-segment,pathological-findings
dc31d822-e062-4f78-813e-5f9b9ad2bcf7,Upper GI,barretts-short-segment,pathological-findings
deaa2cad-a016-4955-acd8-eb7ef305ba3e,Upper GI,barretts-short-segment,pathological-findings
e64aef67-1a24-4d3f-b6a5-67381555e7df,Upper GI,barretts-short-segment,pathological-findings
f06503c7-0f4d-4d2b-a30e-652b69b502db,Upper GI,barretts-short-segment,pathological-findings
f3298956-5b2d-4d1e-946e-a32c47b582b6,Upper GI,barretts-short-segment,pathological-findings
f3b86789-4b3c-4978-a26f-c4d95fa9124d,Upper GI,barretts-short-segment,pathological-findings
f6c64961-b41c-4569-9a44-1deee095c095,Upper GI,barretts-short-segment,pathological-findings
fd091d93-f3bf-494d-bbee-5da2cc70989b,Upper GI,barretts-short-segment,pathological-findings
029e4210-dcc0-4350-92e4-9bd075ca31df,Upper GI,esophagitis-a,pathological-findings
02cefcd3-32ca-49fb-b7c7-c174e2683c00,Upper GI,esophagitis-a,pathological-findings
0455371c-4047-4867-be17-453a17fdf1ed,Upper GI,esophagitis-a,pathological-findings
04aacb46-a467-44e3-955f-206d0373691f,Upper GI,esophagitis-a,pathological-findings
05dd137f-9c19-412a-b5fd-7a20fce6143b,Upper GI,esophagitis-a,pathological-findings
06399bdf-4553-4196-bc59-50c98a2f2d73,Upper GI,esophagitis-a,pathological-findings
06aafce9-ba65-4c25-bfb0-0c42e6dd97df,Upper GI,esophagitis-a,pathological-findings
06b9ff0c-31e1-4b56-8bcc-604b9ecea637,Upper GI,esophagitis-a,pathological-findings
07083f81-af1e-42e2-b297-a661b7e5189b,Upper GI,esophagitis-a,pathological-findings
07927a4e-2bc8-4485-9255-3836f9c21610,Upper GI,esophagitis-a,pathological-findings
08e11734-8281-4822-88e7-b03bfe10511d,Upper GI,esophagitis-a,pathological-findings
092bb843-13d7-4ca5-9e72-517aac257b8a,Upper GI,esophagitis-a,pathological-findings
09639e3d-2633-4342-be7f-3cf5a26bf20a,Upper GI,esophagitis-a,pathological-findings
09763dbe-1425-4090-aedf-9b92d857a6b8,Upper GI,esophagitis-a,pathological-findings
097eb9d6-ff9c-4700-9708-6a0c5b723920,Upper GI,esophagitis-a,pathological-findings
0a70f8be-6955-4f2e-bc47-838b5a91f85d,Upper GI,esophagitis-a,pathological-findings
0a7e5397-2bcf-4035-90e8-be38ae22c3a9,Upper GI,esophagitis-a,pathological-findings
0a9ba7a0-3ff0-4eb5-8a68-12ee335e58b8,Upper GI,esophagitis-a,pathological-findings
0abc8ff8-9118-46f0-b300-cb51ebf12607,Upper GI,esophagitis-a,pathological-findings
0ae7837d-e8f6-4121-b3db-f31a0a467acf,Upper GI,esophagitis-a,pathological-findings
0b12df51-1450-4882-8844-4756e5914571,Upper GI,esophagitis-a,pathological-findings
0b424a73-2c2c-4c50-8821-ddebc9b0c6fd,Upper GI,esophagitis-a,pathological-findings
0b6bb18b-9098-44cb-a792-b39a10dc8fe4,Upper GI,esophagitis-a,pathological-findings
0d9f20c1-dd13-4466-985f-0bbde4375565,Upper GI,esophagitis-a,pathological-findings
0f202f5b-a642-402b-9741-a391b69eb7f3,Upper GI,esophagitis-a,pathological-findings
0f968fed-277f-4526-a806-9065a6f43a59,Upper GI,esophagitis-a,pathological-findings
0fb1976c-05f1-4640-b5cb-1b8435f0bfde,Upper GI,esophagitis-a,pathological-findings
0ffdd81c-bde7-4cb1-9c56-df44ba67b990,Upper GI,esophagitis-a,pathological-findings
104068af-21d6-48fc-8551-c93490439a7c,Upper GI,esophagitis-a,pathological-findings
10808574-3640-4c27-820f-cca5bbebf28f,Upper GI,esophagitis-a,pathological-findings
10c3711f-d066-47d1-b2ef-41ced4c27dcb,Upper GI,esophagitis-a,pathological-findings
1124c477-75fe-480f-ae1f-b018d8c0f8ec,Upper GI,esophagitis-a,pathological-findings
11288372-17f9-4ba1-8011-4bbbac7d38c7,Upper GI,esophagitis-a,pathological-findings
114bb680-c0f3-4e83-8fe3-64d2e0d25d6c,Upper GI,esophagitis-a,pathological-findings
118ca218-18ad-422e-9365-6e647e5fe2bb,Upper GI,esophagitis-a,pathological-findings
11e5e3f4-d49d-4219-ae77-9f31ee32f61f,Upper GI,esophagitis-a,pathological-findings
126dab57-3c94-46ac-8f42-4242fd3b4387,Upper GI,esophagitis-a,pathological-findings
1273e960-3072-4a14-abea-0718c9e9260c,Upper GI,esophagitis-a,pathological-findings
12a8e842-eb31-41ce-9253-53c5ba79ab4f,Upper GI,esophagitis-a,pathological-findings
1305fe8d-3875-4fe6-8fa9-c1440fb83187,Upper GI,esophagitis-a,pathological-findings
133d77bd-6883-47ff-bf7d-df773b663031,Upper GI,esophagitis-a,pathological-findings
13d81b22-312a-4f08-9a9e-1b89eda77c72,Upper GI,esophagitis-a,pathological-findings
149af25f-41b6-41e9-b236-f4acf8543e3b,Upper GI,esophagitis-a,pathological-findings
14bc0fa7-960c-451f-bf38-3bb33bc4954e,Upper GI,esophagitis-a,pathological-findings
15a12a44-9a18-4c3b-bfca-951532894f6f,Upper GI,esophagitis-a,pathological-findings
163772d0-ba62-4e5a-9e5a-d8f3d469e941,Upper GI,esophagitis-a,pathological-findings
1962b205-0145-4d39-bd34-a7b771964d1f,Upper GI,esophagitis-a,pathological-findings
19952809-6bd3-4057-a2d9-c2695e6027ee,Upper GI,esophagitis-a,pathological-findings
19a1e878-f902-473d-920e-5c12beaf4373,Upper GI,esophagitis-a,pathological-findings
19f7e0e4-1c34-4524-aa2f-2cc95fb76775,Upper GI,esophagitis-a,pathological-findings
1c21a64c-51ab-42ae-a8b1-627970718e09,Upper GI,esophagitis-a,pathological-findings
1cc664f2-29db-4174-8183-f00f1364010b,Upper GI,esophagitis-a,pathological-findings
1e3e5fe9-0acf-466b-8d88-36345f4a7976,Upper GI,esophagitis-a,pathological-findings
1e55324f-7e7a-424e-b02c-1c273ed6fc38,Upper GI,esophagitis-a,pathological-findings
1e966fe0-2eb4-47b8-9387-dc1292c89d09,Upper GI,esophagitis-a,pathological-findings
1ef1b0ad-37e7-4f58-9818-1789c7c2b46e,Upper GI,esophagitis-a,pathological-findings
1ef77dc3-48d7-4295-9dda-77d4a8e1d741,Upper GI,esophagitis-a,pathological-findings
1f664e64-81ff-4d94-b5af-f72769c84c69,Upper GI,esophagitis-a,pathological-findings
20bd67e4-a6c8-4a74-b444-7eaebfe25c2d,Upper GI,esophagitis-a,pathological-findings
217eb426-a08a-4b60-91c1-77757b8be39c,Upper GI,esophagitis-a,pathological-findings
21dc581a-f756-4590-b0f7-0c8f2b2eff26,Upper GI,esophagitis-a,pathological-findings
21fcec2d-19ee-4217-a06d-5c07797fdc30,Upper GI,esophagitis-a,pathological-findings
22479751-2f97-446b-a24a-0139f433c4dc,Upper GI,esophagitis-a,pathological-findings
2332b990-90ce-44a0-840d-ab8bf70e6fee,Upper GI,esophagitis-a,pathological-findings
24ad09cf-5f98-49e5-a836-d233e9d2bb02,Upper GI,esophagitis-a,pathological-findings
25dfc378-6577-405b-86f5-92bb33fb56db,Upper GI,esophagitis-a,pathological-findings
26a45170-e57e-4bbb-a480-4cbd01361aef,Upper GI,esophagitis-a,pathological-findings
27604001-81d4-4e4e-b397-4697f4345138,Upper GI,esophagitis-a,pathological-findings
2764133c-c66e-4a35-9a54-b0f4f0bd1c2a,Upper GI,esophagitis-a,pathological-findings
27fd1bde-96ab-4a76-ab62-1104294cde44,Upper GI,esophagitis-a,pathological-findings
2a2a67c4-793a-4a95-bd15-74738bd9bf06,Upper GI,esophagitis-a,pathological-findings
2b0e7646-5f62-4f13-b1fd-a9a8c476afa5,Upper GI,esophagitis-a,pathological-findings
2b86a9b3-34c3-432f-bf8d-3a92aa3e64de,Upper GI,esophagitis-a,pathological-findings
2bf1fb1b-59f5-4e26-8382-b4b06289f8f4,Upper GI,esophagitis-a,pathological-findings
2bf88fc0-20a0-4c83-b2dc-47f5e73aabe0,Upper GI,esophagitis-a,pathological-findings
2bfc52c7-f44b-4eff-8840-9cfacd473bf4,Upper GI,esophagitis-a,pathological-findings
2d0e2a3a-c4b2-4979-bc7b-531f9f9cdb18,Upper GI,esophagitis-a,pathological-findings
2df87ff5-acd3-4705-a009-6c862beb2a7e,Upper GI,esophagitis-a,pathological-findings
2f7972e9-4192-4c2f-9c5a-686488816d0e,Upper GI,esophagitis-a,pathological-findings
2fa490c9-fa7b-4d0e-8947-cc223d4ce617,Upper GI,esophagitis-a,pathological-findings
307508a7-9e0b-4dd5-9d73-18af8ee59e67,Upper GI,esophagitis-a,pathological-findings
317756c7-f1dc-4757-8c7f-ce96cbd6ab98,Upper GI,esophagitis-a,pathological-findings
329a1522-0315-4bdb-94b4-0462d078588f,Upper GI,esophagitis-a,pathological-findings
329f0a69-0605-4f6b-b90f-093f030a688a,Upper GI,esophagitis-a,pathological-findings
33194f78-d93f-4a9b-a813-9df4f28e9f41,Upper GI,esophagitis-a,pathological-findings
3346543f-2113-4f5d-bc4d-35d472e693ce,Upper GI,esophagitis-a,pathological-findings
336db7fe-1cf0-4edf-897e-8f2800910496,Upper GI,esophagitis-a,pathological-findings
344d9067-6ce2-46c1-b384-9b60ba0ae0f6,Upper GI,esophagitis-a,pathological-findings
348b3c83-f3c9-445b-85aa-5f2fb7117b2c,Upper GI,esophagitis-a,pathological-findings
34b7a8b3-3083-443c-9122-2865fe6dd70e,Upper GI,esophagitis-a,pathological-findings
34f08c4d-f688-4610-865c-0c31690d2d11,Upper GI,esophagitis-a,pathological-findings
35171e1b-1b8d-4ebd-9326-7954b43aacdd,Upper GI,esophagitis-a,pathological-findings
354bde5f-59b1-47c7-94a8-c6ee2f6b1cbb,Upper GI,esophagitis-a,pathological-findings
35949a3c-f791-479b-bcc5-0f9b59eced0f,Upper GI,esophagitis-a,pathological-findings
35fe855a-71ca-4e27-8dfa-d258ee31ee1f,Upper GI,esophagitis-a,pathological-findings
376bc2e3-558c-4e4c-9ff3-bf414a1e6c4e,Upper GI,esophagitis-a,pathological-findings
37a571d9-d720-4ec0-94fa-dfffabd3b3ff,Upper GI,esophagitis-a,pathological-findings
383f440b-af6a-4ad4-8d38-5371ba409787,Upper GI,esophagitis-a,pathological-findings
392ca79e-77ff-4bd2-8c17-e9821d6853fd,Upper GI,esophagitis-a,pathological-findings
39591b96-9693-4113-b6a3-0dff7d18577e,Upper GI,esophagitis-a,pathological-findings
3976c6c8-7a6a-40b4-b609-c954c53cce03,Upper GI,esophagitis-a,pathological-findings
397720ad-e50e-4b5c-9f5b-a8f1b6b4b75e,Upper GI,esophagitis-a,pathological-findings
39b6305f-d92a-4865-a32a-54c13b8a4a53,Upper GI,esophagitis-a,pathological-findings
39f19535-ae30-42a3-825f-2e6897b1217b,Upper GI,esophagitis-a,pathological-findings
3a5559f1-e47e-421b-925e-9ef65ff2ca9f,Upper GI,esophagitis-a,pathological-findings
3c3ee5b1-d0b7-48ad-a39d-09999060e7c7,Upper GI,esophagitis-a,pathological-findings
3c4a26a2-a0cb-4e2c-bc06-f2149eaf73a2,Upper GI,esophagitis-a,pathological-findings
3e05053d-916d-449a-a849-6f4646af92d9,Upper GI,esophagitis-a,pathological-findings
3f802f4d-e498-40ca-a4ec-76c818c948d8,Upper GI,esophagitis-a,pathological-findings
3fecaa08-a5c2-49bd-91c3-5bf4e3649f4e,Upper GI,esophagitis-a,pathological-findings
409e4d96-9220-496e-9b3f-0af39d2dcadd,Upper GI,esophagitis-a,pathological-findings
40a728d6-186d-44e5-a03e-7a6c67515dd9,Upper GI,esophagitis-a,pathological-findings
40bb97ee-d6e0-4666-9fbd-064cf5f65436,Upper GI,esophagitis-a,pathological-findings
40c75879-2cb5-41c8-8add-6c83a7858291,Upper GI,esophagitis-a,pathological-findings
40d9f09c-cf6d-4aab-925d-5a5a34360a87,Upper GI,esophagitis-a,pathological-findings
40ff9a98-5ad8-4352-9b57-f6d67c0319a4,Upper GI,esophagitis-a,pathological-findings
4165ba65-9948-4fcb-8fee-fd551bbffaa7,Upper GI,esophagitis-a,pathological-findings
421bfb3c-b16f-4b8b-8f84-a2edcb29fbf2,Upper GI,esophagitis-a,pathological-findings
42296d4d-a0be-4e1e-ae02-556937e11373,Upper GI,esophagitis-a,pathological-findings
424d1b66-2397-4ac6-8bb1-2c535dea3700,Upper GI,esophagitis-a,pathological-findings
44632867-c4b8-4c43-9ec4-0877971d5e44,Upper GI,esophagitis-a,pathological-findings
45009930-bc2c-4971-bcaa-d385b3c04c38,Upper GI,esophagitis-a,pathological-findings
45acb3d7-892d-4d45-83cd-d745040373e0,Upper GI,esophagitis-a,pathological-findings
4734135d-e45d-43fd-a5bf-d7d056a201d5,Upper GI,esophagitis-a,pathological-findings
477f4c6e-510b-47e7-a461-715b7b401560,Upper GI,esophagitis-a,pathological-findings
494a93e6-0b18-4983-abf8-023c590779e9,Upper GI,esophagitis-a,pathological-findings
499af395-27eb-4d92-950c-2da350782d06,Upper GI,esophagitis-a,pathological-findings
49ecad43-3a4e-455f-a339-2de4b9123abf,Upper GI,esophagitis-a,pathological-findings
4a61347c-cc02-4d9a-975f-9e90e95f0ede,Upper GI,esophagitis-a,pathological-findings
4ad3e8b9-6c23-4a33-8ddd-aea484e0c331,Upper GI,esophagitis-a,pathological-findings
4c8bab81-edaa-4c7c-b663-b03fb1715fe5,Upper GI,esophagitis-a,pathological-findings
4d715a19-a942-42c1-9842-a393f93d582f,Upper GI,esophagitis-a,pathological-findings
4e52856c-6c7b-4a04-ba32-4df0859d7f25,Upper GI,esophagitis-a,pathological-findings
4ea6775c-0eec-42e7-a7d7-993853a8402a,Upper GI,esophagitis-a,pathological-findings
4f267f24-5121-4f79-8610-d2a0beff6af7,Upper GI,esophagitis-a,pathological-findings
4fb7d823-347f-4bda-9169-3f415bda7b54,Upper GI,esophagitis-a,pathological-findings
50a1005c-351b-4e80-a817-6b82b8d20690,Upper GI,esophagitis-a,pathological-findings
51b12cd5-9199-417e-97ba-4a490226fc15,Upper GI,esophagitis-a,pathological-findings
51ca0276-2780-40c0-86b2-ea26fafa1f22,Upper GI,esophagitis-a,pathological-findings
536aef51-bac4-43ab-bbcc-1e5682007d79,Upper GI,esophagitis-a,pathological-findings
53727c15-64fc-48da-aab3-b08d7f1881b4,Upper GI,esophagitis-a,pathological-findings
53ae94e6-b411-48d7-b6c6-cdbca031a7b6,Upper GI,esophagitis-a,pathological-findings
5420d0c6-b666-4067-9054-5be4784d7229,Upper GI,esophagitis-a,pathological-findings
5438dae8-d837-448a-a717-424e2f0d6a42,Upper GI,esophagitis-a,pathological-findings
554580cc-b87d-421f-8499-8568dd39036a,Upper GI,esophagitis-a,pathological-findings
55a7f115-1f0d-4bb4-8beb-24dc0a30ed53,Upper GI,esophagitis-a,pathological-findings
56024105-de25-4dec-a4dd-d6391cceff20,Upper GI,esophagitis-a,pathological-findings
560c556a-32cf-4294-817e-6eb33412d534,Upper GI,esophagitis-a,pathological-findings
5659e88a-2a94-477e-85e5-e37b8104c400,Upper GI,esophagitis-a,pathological-findings
579e9641-64cb-4c61-bb87-e0a9c71f88ea,Upper GI,esophagitis-a,pathological-findings
581844fc-dfca-4268-934c-ff3f35b44615,Upper GI,esophagitis-a,pathological-findings
58872780-ff4d-49bd-8f8e-87edb7d2fe48,Upper GI,esophagitis-a,pathological-findings
592c38a6-c2e5-4408-b812-036994a138e3,Upper GI,esophagitis-a,pathological-findings
59e5b919-bf70-424a-ab8f-a6cb44da9096,Upper GI,esophagitis-a,pathological-findings
5aa45c4c-fe10-4e56-88c7-e0c188ead68e,Upper GI,esophagitis-a,pathological-findings
5af756fb-fe84-430f-b1ea-96c236d03429,Upper GI,esophagitis-a,pathological-findings
5b749b89-cb2d-4593-87ef-1115d4253219,Upper GI,esophagitis-a,pathological-findings
5bd1b587-775c-4443-8299-b0fe48ee75a0,Upper GI,esophagitis-a,pathological-findings
5c3b30ec-e18c-471f-94c2-7e69713ce015,Upper GI,esophagitis-a,pathological-findings
5c67864a-b60a-4426-858c-d7a1a55acfce,Upper GI,esophagitis-a,pathological-findings
5ca1a108-5d17-4376-b944-511458e51048,Upper GI,esophagitis-a,pathological-findings
5cfe16fa-bb5e-4b86-83cd-aaeec23c104b,Upper GI,esophagitis-a,pathological-findings
5d62c86d-e97d-4ad8-a9fe-f2735f2788cd,Upper GI,esophagitis-a,pathological-findings
5dd5ce35-5655-4a74-a342-4aec5c360d6e,Upper GI,esophagitis-a,pathological-findings
5e348833-37c9-43b0-bab2-dfb34a80e3ae,Upper GI,esophagitis-a,pathological-findings
5e3629d0-c4ed-484e-be59-7816f342b75e,Upper GI,esophagitis-a,pathological-findings
5e48e2e2-23ec-4b3c-9a4f-779d375e580f,Upper GI,esophagitis-a,pathological-findings
5f564055-56d2-4039-89ed-668d5a6b3df1,Upper GI,esophagitis-a,pathological-findings
5fcb7f19-9561-4a96-9dbd-a527346259ba,Upper GI,esophagitis-a,pathological-findings
601b3579-86a7-4bf2-a84b-716474a87c9f,Upper GI,esophagitis-a,pathological-findings
602dfa94-8d8d-4003-820e-ca0c19a61d3e,Upper GI,esophagitis-a,pathological-findings
616f6959-3ede-4d44-a2f5-7111af7c8e34,Upper GI,esophagitis-a,pathological-findings
63948f29-5124-42f7-a145-e258f2037acb,Upper GI,esophagitis-a,pathological-findings
6461ef06-2934-46ef-8da7-bc911834a97d,Upper GI,esophagitis-a,pathological-findings
65f984f4-1323-4928-9db3-66c0c6da71cd,Upper GI,esophagitis-a,pathological-findings
66098037-806e-4806-a050-685c61d9a7ea,Upper GI,esophagitis-a,pathological-findings
67c00403-9245-428d-9b16-be466c97e14f,Upper GI,esophagitis-a,pathological-findings
68ae100f-f82e-4aef-a50e-4dc239f7a245,Upper GI,esophagitis-a,pathological-findings
691705d3-7f88-4c08-8db8-dd022ea0f352,Upper GI,esophagitis-a,pathological-findings
697d942d-4685-4a00-8e2c-13a0da9722a1,Upper GI,esophagitis-a,pathological-findings
6992d0e4-2c6d-4ede-9bfc-35a895cbe8bb,Upper GI,esophagitis-a,pathological-findings
6ac10c56-3962-4c82-b5c1-c2830bd1f147,Upper GI,esophagitis-a,pathological-findings
6afcc7d1-0b60-4755-bd5e-698f62b4dc58,Upper GI,esophagitis-a,pathological-findings
6b973da7-25fc-47aa-8b43-8baff979496a,Upper GI,esophagitis-a,pathological-findings
6d002731-c8d9-44bf-a67d-4676aed45e7c,Upper GI,esophagitis-a,pathological-findings
6d393d94-d740-4770-9905-da30998fa8b3,Upper GI,esophagitis-a,pathological-findings
6d570c41-2791-43bf-9bfb-b103f911f000,Upper GI,esophagitis-a,pathological-findings
6d5d3ff3-0bc3-4af6-89d4-9f8dd84c2de9,Upper GI,esophagitis-a,pathological-findings
6f2daa70-5f91-431f-ac2f-923e784b974c,Upper GI,esophagitis-a,pathological-findings
6f67c05c-43c1-4241-ae5a-96ab471eace3,Upper GI,esophagitis-a,pathological-findings
706069f4-f77a-457a-ac9f-775b75a53323,Upper GI,esophagitis-a,pathological-findings
71565ed3-4b6c-4a6b-87d3-bbff72f278a8,Upper GI,esophagitis-a,pathological-findings
715821b1-d28a-4b24-b1c7-c9b0281efb18,Upper GI,esophagitis-a,pathological-findings
71fffa84-c9b3-4923-8231-6d356200dcce,Upper GI,esophagitis-a,pathological-findings
720c18ad-fc86-404f-af46-f0b94d45c966,Upper GI,esophagitis-a,pathological-findings
73797663-1b9c-42c3-a19d-f966665e7656,Upper GI,esophagitis-a,pathological-findings
74470fc3-fec5-4959-9e8b-65dd062aea0e,Upper GI,esophagitis-a,pathological-findings
75a08be9-301d-4b8f-b6d2-eac58f4361ff,Upper GI,esophagitis-a,pathological-findings
75c2403d-9243-497e-8268-f232a2106887,Upper GI,esophagitis-a,pathological-findings
77d082f9-f858-4c68-bfa3-121c272fc5f3,Upper GI,esophagitis-a,pathological-findings
77f32e90-02dd-44b0-a364-93b8987a602f,Upper GI,esophagitis-a,pathological-findings
7a94a3b2-b8a2-4f64-b5c9-6fefdf3cba39,Upper GI,esophagitis-a,pathological-findings
7a9a7e1a-52be-4f53-a2c6-9601e12a94a0,Upper GI,esophagitis-a,pathological-findings
7add26db-4963-4578-88ab-f34033429372,Upper GI,esophagitis-a,pathological-findings
7d38016a-eaa8-4f05-827b-9b39e2ef1c39,Upper GI,esophagitis-a,pathological-findings
7f51b7f6-55a5-4716-9a5d-d43e65ebeb96,Upper GI,esophagitis-a,pathological-findings
7f7f8496-911d-4f4f-bbeb-9b7e91e6e4f2,Upper GI,esophagitis-a,pathological-findings
80e8e7c0-e261-4732-a684-67454f5af33f,Upper GI,esophagitis-a,pathological-findings
8122bf0b-f844-4435-b5dc-76a49a29e4f9,Upper GI,esophagitis-a,pathological-findings
81703b4b-ef01-44ba-8c7c-f8935af48454,Upper GI,esophagitis-a,pathological-findings
817d0505-8608-4f52-a137-b277b9be3a59,Upper GI,esophagitis-a,pathological-findings
81cf2885-d740-46fb-9fba-48c5f89d362d,Upper GI,esophagitis-a,pathological-findings
820368d8-b0eb-4c1c-9172-ba32260bfaf9,Upper GI,esophagitis-a,pathological-findings
823b6a57-dba0-40a7-84bb-ddd45c6cb065,Upper GI,esophagitis-a,pathological-findings
83138154-9e5a-44fd-bbf6-5733ec66a25e,Upper GI,esophagitis-a,pathological-findings
84cbff74-deda-47f1-a7d5-70b47e9249e8,Upper GI,esophagitis-a,pathological-findings
84ec1b1b-a090-43a5-ad81-455bb0f7aba8,Upper GI,esophagitis-a,pathological-findings
8611654e-9ea8-4cc0-ba7b-c5dc117b9743,Upper GI,esophagitis-a,pathological-findings
86f2843e-53a3-4e60-b96c-c09e38a451d7,Upper GI,esophagitis-a,pathological-findings
86f28f60-daba-4508-9795-4fc876ec7826,Upper GI,esophagitis-a,pathological-findings
877c68bc-e99e-451b-8bc6-2d4dc0ee58c6,Upper GI,esophagitis-a,pathological-findings
889f7cad-1bb7-4907-971c-8e03fd41e33b,Upper GI,esophagitis-a,pathological-findings
89715780-7d64-48dc-b36f-8e31db491abb,Upper GI,esophagitis-a,pathological-findings
899fc1a3-bc59-4938-b7d2-1f29bcce2c45,Upper GI,esophagitis-a,pathological-findings
89ddcce9-e150-47f9-b476-4d397d92fb42,Upper GI,esophagitis-a,pathological-findings
8aaf8c7b-e8ad-4efb-89b5-b6f4c76f9567,Upper GI,esophagitis-a,pathological-findings
8bfedaf5-5a14-45f0-9b82-52fdf4e6fc3f,Upper GI,esophagitis-a,pathological-findings
8ccd417e-c45a-42e2-a6d4-817c365b0ecf,Upper GI,esophagitis-a,pathological-findings
8d2235fc-86f0-45fb-98a9-a9135a5e3dc4,Upper GI,esophagitis-a,pathological-findings
8d4e128a-949f-420c-8637-f32c2d0e052b,Upper GI,esophagitis-a,pathological-findings
8d75ba87-7963-4b60-9df4-a866ba11fa75,Upper GI,esophagitis-a,pathological-findings
8dd4e793-59f6-4768-a524-71421b9536e0,Upper GI,esophagitis-a,pathological-findings
8e052324-881f-42f9-9f10-29db7cb75a1a,Upper GI,esophagitis-a,pathological-findings
8e8726d3-b748-4198-aa60-8b2c46296589,Upper GI,esophagitis-a,pathological-findings
8eb63c6c-5fb9-4824-9504-47b68a18c5b5,Upper GI,esophagitis-a,pathological-findings
90a1f93f-15dc-4677-a12b-e08be24385ca,Upper GI,esophagitis-a,pathological-findings
90a9ba5b-f0bc-4ffe-87fe-fc5d3c08513d,Upper GI,esophagitis-a,pathological-findings
91b51883-f013-4844-bb89-58e3fdf52621,Upper GI,esophagitis-a,pathological-findings
91c630e5-d6c6-48fd-a701-a8a927452c63,Upper GI,esophagitis-a,pathological-findings
91cd15dd-6487-4efb-a9fc-f08cc329fd96,Upper GI,esophagitis-a,pathological-findings
91d54d54-de7e-46ca-b23a-b08541ced178,Upper GI,esophagitis-a,pathological-findings
92195197-92a8-43f0-a190-1b699d519576,Upper GI,esophagitis-a,pathological-findings
928888fa-97f4-4c18-83f9-d7e85fc09af0,Upper GI,esophagitis-a,pathological-findings
92c906de-fb6a-42ac-99b9-9529517b6f0a,Upper GI,esophagitis-a,pathological-findings
93cac7d1-8951-4cb2-a03d-ed05cfafc41a,Upper GI,esophagitis-a,pathological-findings
947bf31f-fa9e-4989-b406-da54bbc80667,Upper GI,esophagitis-a,pathological-findings
95a492cc-4ddc-4462-988e-abfad2404e25,Upper GI,esophagitis-a,pathological-findings
964eeb38-56b4-4c58-886b-1c9b5dad9d6e,Upper GI,esophagitis-a,pathological-findings
984f1090-2f6b-49e8-9d23-b91d4c77ca80,Upper GI,esophagitis-a,pathological-findings
987539c9-86dd-4788-8e2c-26db8098f46b,Upper GI,esophagitis-a,pathological-findings
99c54836-96c3-43fa-bc0c-eec8954b6d3b,Upper GI,esophagitis-a,pathological-findings
9a297922-98d3-456f-8788-193a4a95b1bc,Upper GI,esophagitis-a,pathological-findings
9a5f488d-af8e-420d-aae7-b34ac0ea930f,Upper GI,esophagitis-a,pathological-findings
9ae5c227-6ab7-4a83-a483-506046e7317e,Upper GI,esophagitis-a,pathological-findings
9b8b53bc-01b3-462d-be55-8bb5e338e23c,Upper GI,esophagitis-a,pathological-findings
9bc52174-ff47-4bae-aed4-1a63092b2c19,Upper GI,esophagitis-a,pathological-findings
9c5ddd7c-9298-4f61-9073-698ff1b2fd3a,Upper GI,esophagitis-a,pathological-findings
9cd15185-8ebd-41a4-aa9c-3542c4577862,Upper GI,esophagitis-a,pathological-findings
9d1c6cb3-9f86-4b16-874d-9a4cec2a8f93,Upper GI,esophagitis-a,pathological-findings
9daa9be6-2006-484b-bbff-ff2b8381c36a,Upper GI,esophagitis-a,pathological-findings
9f48d821-56f7-4536-8836-1d5f09d859c0,Upper GI,esophagitis-a,pathological-findings
a2163577-2cf0-440f-868e-e77c4e47c95e,Upper GI,esophagitis-a,pathological-findings
a289f1a0-3e61-4213-a0f9-d52da63f1721,Upper GI,esophagitis-a,pathological-findings
a2e4d93f-b99f-4ea0-a076-9cfbdb0ff865,Upper GI,esophagitis-a,pathological-findings
a4229beb-01fc-40b5-ac9e-03087df6cceb,Upper GI,esophagitis-a,pathological-findings
a4806a8a-8eac-4c00-94ad-dfa446956eb2,Upper GI,esophagitis-a,pathological-findings
a49c2906-b335-4f39-9756-36ff0c01af02,Upper GI,esophagitis-a,pathological-findings
a502a8a2-b398-45d7-8116-acc5dbbcaca7,Upper GI,esophagitis-a,pathological-findings
a6e0aac2-05dd-482b-a6b6-00f5cd393236,Upper GI,esophagitis-a,pathological-findings
a74aee96-b203-49ea-bad9-8677e86e8e63,Upper GI,esophagitis-a,pathological-findings
a7ae7fbb-0382-4a07-b33d-4d2bde12f4a5,Upper GI,esophagitis-a,pathological-findings
a8737215-f2e2-4854-8799-e034c7b8817e,Upper GI,esophagitis-a,pathological-findings
a9f78dca-8ce7-4592-b91d-442d5d1529a7,Upper GI,esophagitis-a,pathological-findings
a9fa8829-9dd8-449c-a222-0557575b0d9e,Upper GI,esophagitis-a,pathological-findings
aafd3f57-aa0e-4bd9-8d62-1e8470a66524,Upper GI,esophagitis-a,pathological-findings
ab01ae76-8b6c-4900-89af-5c32dbb0c0d8,Upper GI,esophagitis-a,pathological-findings
ab9fe5b8-194b-41d2-9cc2-539b56f24fdb,Upper GI,esophagitis-a,pathological-findings
abcd922e-1aa6-4644-82f8-dd1a798e319d,Upper GI,esophagitis-a,pathological-findings
abe73788-1a7e-410a-a909-9d70f9323b06,Upper GI,esophagitis-a,pathological-findings
ac325014-444f-47a5-ab4f-f296dff74c40,Upper GI,esophagitis-a,pathological-findings
ad5fc4cd-1ee5-44c6-aaa0-ab622f0cf2d1,Upper GI,esophagitis-a,pathological-findings
ad8ad2e8-a8ac-42f5-bda4-55df573d7e10,Upper GI,esophagitis-a,pathological-findings
adafb811-5f29-48c8-aed5-48eb95f93df4,Upper GI,esophagitis-a,pathological-findings
ae4b4a7c-b1e8-4777-9740-ca607694478f,Upper GI,esophagitis-a,pathological-findings
aea44678-4f00-4b11-a147-cf4abba81d9f,Upper GI,esophagitis-a,pathological-findings
af5595d0-a4ca-42f2-a66b-7f5c2c4dbac6,Upper GI,esophagitis-a,pathological-findings
af7c9438-35d7-4352-83da-62544278afdc,Upper GI,esophagitis-a,pathological-findings
b07f2b60-718d-4674-9ea4-b18f2c72538c,Upper GI,esophagitis-a,pathological-findings
b16e99dd-61ac-4202-b01a-e5c9d114b438,Upper GI,esophagitis-a,pathological-findings
b1bc676b-1730-4b6e-bda8-91adde1471bc,Upper GI,esophagitis-a,pathological-findings
b20250d1-cb6b-4cfb-bfaa-d356d64c54db,Upper GI,esophagitis-a,pathological-findings
b25482a1-b8a3-4600-b2d6-679d07314140,Upper GI,esophagitis-a,pathological-findings
b2ee624f-7b71-4a14-8495-b6ffecdf0cbc,Upper GI,esophagitis-a,pathological-findings
b41cb905-9cd8-41af-94fd-5acb469170ef,Upper GI,esophagitis-a,pathological-findings
b4679a04-c473-4151-bab8-cb7315e67783,Upper GI,esophagitis-a,pathological-findings
b557d8dd-1e5f-4300-8da5-df9d9bf16359,Upper GI,esophagitis-a,pathological-findings
b688e233-696c-4da2-af48-faf2f2b12545,Upper GI,esophagitis-a,pathological-findings
b94ce3b2-fde5-4861-8f82-8a6f625a121f,Upper GI,esophagitis-a,pathological-findings
b9702f77-4bdc-4bae-bb49-1ebf426bdb17,Upper GI,esophagitis-a,pathological-findings
bb420dba-6d27-4e5a-8bc3-4b48790753a6,Upper GI,esophagitis-a,pathological-findings
bc8b7d12-da84-44e1-87fb-2e6e7a04cb0e,Upper GI,esophagitis-a,pathological-findings
bcb80091-08b6-47c8-929e-909560a0389e,Upper GI,esophagitis-a,pathological-findings
bcfff42d-51b1-4a8a-9fc5-38ebed3e0128,Upper GI,esophagitis-a,pathological-findings
bd84eb92-6a34-4495-8867-0832cb611a08,Upper GI,esophagitis-a,pathological-findings
bdef2f6a-82b2-4116-811a-d450ed873081,Upper GI,esophagitis-a,pathological-findings
be0a6dbd-2ca6-4d4f-bcea-f10aba3f41d1,Upper GI,esophagitis-a,pathological-findings
beccf7c5-d047-4643-8fac-41299a57065f,Upper GI,esophagitis-a,pathological-findings
bf03e2ee-a681-42c8-8b8c-5aaf518cb38f,Upper GI,esophagitis-a,pathological-findings
bfbaef34-2974-4496-9d81-f4e5f1217105,Upper GI,esophagitis-a,pathological-findings
c18b4ea5-f344-483e-bd8a-1bf18b39c438,Upper GI,esophagitis-a,pathological-findings
c1e1932f-bccf-43ec-8527-a35d473f3b90,Upper GI,esophagitis-a,pathological-findings
c1e79856-07bc-430b-92d5-cd5f8f8e62c8,Upper GI,esophagitis-a,pathological-findings
c1e8ba7a-cd8b-4ac3-9dd5-6df1715576de,Upper GI,esophagitis-a,pathological-findings
c1fabed7-c0de-40c9-8edc-e36e3dd283b0,Upper GI,esophagitis-a,pathological-findings
c35fb9ab-a3a7-4858-b8ba-25fd9a04dd05,Upper GI,esophagitis-a,pathological-findings
c38696ea-6c6a-4b79-8e8b-72ea70684578,Upper GI,esophagitis-a,pathological-findings
c49a0a65-5e98-4826-b91c-a29922ff1bbb,Upper GI,esophagitis-a,pathological-findings
c4fb40aa-2723-4276-955d-e23ff0c5e25c,Upper GI,esophagitis-a,pathological-findings
c69f41a5-9e74-46bc-bd3b-d0a3735dc6c1,Upper GI,esophagitis-a,pathological-findings
c7acf949-7835-43fe-888e-2ce6789fe3d5,Upper GI,esophagitis-a,pathological-findings
c7e0d153-9992-449b-91b7-4d4f4d624f7d,Upper GI,esophagitis-a,pathological-findings
c85b26c4-17f3-4a85-9074-afb98b31e601,Upper GI,esophagitis-a,pathological-findings
c873428b-0fd3-42a4-a957-ffaed40444ab,Upper GI,esophagitis-a,pathological-findings
c8edfd99-e2e3-48ac-a4ec-978a862a1f9f,Upper GI,esophagitis-a,pathological-findings
ca72f38f-c63e-454e-b68b-7d7d38dc984a,Upper GI,esophagitis-a,pathological-findings
cab7ac33-273a-4339-b30c-05c09dac06a5,Upper GI,esophagitis-a,pathological-findings
cb9ec084-2109-4423-b542-18bacebac224,Upper GI,esophagitis-a,pathological-findings
cbc250f2-91f1-4b58-b4bc-e7aba999008c,Upper GI,esophagitis-a,pathological-findings
cc51c79a-fc0a-4abb-8cf2-8556f5d25fde,Upper GI,esophagitis-a,pathological-findings
cc7a60b3-4e5c-45d2-b3a3-bb3479d8a6f7,Upper GI,esophagitis-a,pathological-findings
cd6a620b-dfbd-403a-bf0d-29df59db31fe,Upper GI,esophagitis-a,pathological-findings
cf70458d-5fb6-4803-a43a-1ebaca402a81,Upper GI,esophagitis-a,pathological-findings
cfe03d53-bc9f-4e05-bdc0-6e33e1211cf9,Upper GI,esophagitis-a,pathological-findings
d2cbe37b-0dd9-4f45-ae84-ab165b143d48,Upper GI,esophagitis-a,pathological-findings
d3b06ae7-6e60-43ea-9faf-746d38f97cbe,Upper GI,esophagitis-a,pathological-findings
d3c1a23b-c67d-41eb-969f-4283aa1d2f37,Upper GI,esophagitis-a,pathological-findings
d406f6aa-b65a-4e3b-906d-7d6109f2e37a,Upper GI,esophagitis-a,pathological-findings
d44e47bf-c8d3-45fb-9f58-188a93d86285,Upper GI,esophagitis-a,pathological-findings
d4b84dc9-664c-4dd2-b839-ed8c4ba8479f,Upper GI,esophagitis-a,pathological-findings
d51729af-72be-49ba-9442-cbbb2db49216,Upper GI,esophagitis-a,pathological-findings
d527d9f3-7b3c-4ab6-9571-828fd6c360c6,Upper GI,esophagitis-a,pathological-findings
d555af5c-e21a-4fad-a664-03fc08142293,Upper GI,esophagitis-a,pathological-findings
d5b50fb8-4df1-47b4-ae9b-73eb31b4d4a7,Upper GI,esophagitis-a,pathological-findings
d6f62c07-c97d-42c1-812d-42f32ca602df,Upper GI,esophagitis-a,pathological-findings
d77df2d4-a70c-45b7-92fe-498f1c1de4a6,Upper GI,esophagitis-a,pathological-findings
da3b4dbf-02ad-46e9-a1f8-a2fd27953aae,Upper GI,esophagitis-a,pathological-findings
da4e0ead-710b-4e50-9f5a-00f8bc54289f,Upper GI,esophagitis-a,pathological-findings
db81e19f-7688-4573-a420-71d4d2234574,Upper GI,esophagitis-a,pathological-findings
dcc95b73-7f4a-4eb3-b452-73ee8e9ad092,Upper GI,esophagitis-a,pathological-findings
dd11726d-cb3f-432d-8d7c-1c6f79fe2eef,Upper GI,esophagitis-a,pathological-findings
dd46f15c-d10a-40e0-b3df-3a68971425f0,Upper GI,esophagitis-a,pathological-findings
def66436-5366-4379-a203-cbcee4936410,Upper GI,esophagitis-a,pathological-findings
df284f2d-2342-4a65-a340-8cc32054faa3,Upper GI,esophagitis-a,pathological-findings
dfdba5c8-60b5-4b23-bdc2-736c295a45f8,Upper GI,esophagitis-a,pathological-findings
e005d7d5-225d-4fd9-8dea-8329aab5aa9a,Upper GI,esophagitis-a,pathological-findings
e00d4c26-1a53-44c0-9041-eb6c55a13bcd,Upper GI,esophagitis-a,pathological-findings
e13c69ad-e164-42f5-b1e0-46f8cc4b8e2d,Upper GI,esophagitis-a,pathological-findings
e197ce49-1900-4ba6-9bec-c89744f180af,Upper GI,esophagitis-a,pathological-findings
e1b835ec-6d1e-4166-b9b6-8f98fd448902,Upper GI,esophagitis-a,pathological-findings
e3705a1b-92b3-4b38-b59a-5c9b4ce5ca16,Upper GI,esophagitis-a,pathological-findings
e3b59a2f-d819-4166-a44f-3ce59c355cb7,Upper GI,esophagitis-a,pathological-findings
e4579d31-f0d0-41e8-b85e-ecd1eda98de6,Upper GI,esophagitis-a,pathological-findings
e5064b2e-04ab-4599-a052-23eba316e550,Upper GI,esophagitis-a,pathological-findings
e5309bb9-13de-4731-916a-4b7d3d0eb4c9,Upper GI,esophagitis-a,pathological-findings
e5980408-c6a8-47cb-bd60-fbca6326689a,Upper GI,esophagitis-a,pathological-findings
e5f611c7-ae55-492d-83d7-7f1655db9bd5,Upper GI,esophagitis-a,pathological-findings
e6795797-653c-4952-8aaf-279b1d7255ed,Upper GI,esophagitis-a,pathological-findings
e6c494e5-4775-4f1e-be30-4ec76ba79ea9,Upper GI,esophagitis-a,pathological-findings
e72c7813-cf8a-4950-aabc-e11d366a69b7,Upper GI,esophagitis-a,pathological-findings
e7d27e24-20b3-4d76-8dd6-94a863e12bc8,Upper GI,esophagitis-a,pathological-findings
e7e441e4-8772-4866-bbfb-1f7c2612ee59,Upper GI,esophagitis-a,pathological-findings
e7f47929-6426-484c-94bf-59ca10f7edb6,Upper GI,esophagitis-a,pathological-findings
e8ed9ad7-1520-4f3c-8f54-1f5a074b0107,Upper GI,esophagitis-a,pathological-findings
e8fd5368-a819-403c-9486-b15c3903d6bd,Upper GI,esophagitis-a,pathological-findings
e93dbfea-03c0-4bf0-b7ac-4f068342d7bc,Upper GI,esophagitis-a,pathological-findings
e9d0a5dc-914b-4f3e-b64b-241af8cd8241,Upper GI,esophagitis-a,pathological-findings
eab535fd-ab3d-4278-95bb-78fe4c72f20f,Upper GI,esophagitis-a,pathological-findings
eba9a95d-93ca-4e00-89cf-100dc9d35d8d,Upper GI,esophagitis-a,pathological-findings
ed491786-134b-412f-9447-97c142e10f30,Upper GI,esophagitis-a,pathological-findings
ed71c39a-fd44-4068-b9b5-66dc25b5cf7a,Upper GI,esophagitis-a,pathological-findings
ed7d1860-32bf-4cf5-ac09-3cedaa1e25f0,Upper GI,esophagitis-a,pathological-findings
edd0ed0a-6e5b-4eb9-9e89-aaccdc4352c2,Upper GI,esophagitis-a,pathological-findings
ee400847-47ea-4dc8-addf-fe35371fad25,Upper GI,esophagitis-a,pathological-findings
f133280e-0803-497a-972b-9d6f49170154,Upper GI,esophagitis-a,pathological-findings
f16eb23a-5865-4710-b028-68093859c30e,Upper GI,esophagitis-a,pathological-findings
f19c9f5d-5533-4c7f-abb4-807d1092582b,Upper GI,esophagitis-a,pathological-findings
f27533a8-eb5a-471b-8e41-a663f6037e9f,Upper GI,esophagitis-a,pathological-findings
f2f09d26-039f-467c-921d-d76d8d871e50,Upper GI,esophagitis-a,pathological-findings
f51096a7-adb8-4379-aae0-7436795d512a,Upper GI,esophagitis-a,pathological-findings
f51f26e5-f0e0-41a1-ad50-db2be64a94ae,Upper GI,esophagitis-a,pathological-findings
f541043e-b03c-4026-b8da-cd8912a26d02,Upper GI,esophagitis-a,pathological-findings
f57fc00e-2f4f-498c-b679-e711dd2da101,Upper GI,esophagitis-a,pathological-findings
f5a59a3e-7710-40e1-b38e-73cd6b39a6f1,Upper GI,esophagitis-a,pathological-findings
f60d51b4-fe74-4724-8432-660d5c86d594,Upper GI,esophagitis-a,pathological-findings
f6665fc0-7112-4a6a-88a2-099c9d917667,Upper GI,esophagitis-a,pathological-findings
f79076ab-6016-429d-8dcc-80132ae71fe3,Upper GI,esophagitis-a,pathological-findings
f7ad7159-fcfc-40a2-a33c-f3ac6ad0c84c,Upper GI,esophagitis-a,pathological-findings
faca92ea-0319-4965-ba04-3d6e9ddefebb,Upper GI,esophagitis-a,pathological-findings
fb1457d8-e7ec-4ef4-b152-573d473410ee,Upper GI,esophagitis-a,pathological-findings
fba99178-ce8d-4afe-bc8b-5f2664ba3595,Upper GI,esophagitis-a,pathological-findings
fc3c0e27-f039-467d-a331-1c9c53c38449,Upper GI,esophagitis-a,pathological-findings
fd0c6024-ff58-460d-9bb9-277b61ddfc07,Upper GI,esophagitis-a,pathological-findings
fde4283c-58e1-439f-a4f8-d3d221ccd42c,Upper GI,esophagitis-a,pathological-findings
018fc250-a81a-41c0-83af-0521dc455d26,Upper GI,esophagitis-b-d,pathological-findings
02faf76d-2d43-41be-a56d-3e7776e08144,Upper GI,esophagitis-b-d,pathological-findings
035e1df9-eeb6-4b52-9acf-43b3a7be0409,Upper GI,esophagitis-b-d,pathological-findings
058e672c-ec30-4eb2-8921-a7a8bda1c268,Upper GI,esophagitis-b-d,pathological-findings
06ae3e7d-258d-4521-9f4c-a7577da4704c,Upper GI,esophagitis-b-d,pathological-findings
06ae849a-0fbf-4ba4-80d0-a0bf6d361ac7,Upper GI,esophagitis-b-d,pathological-findings
080059f3-6323-4c15-853b-f424b8684036,Upper GI,esophagitis-b-d,pathological-findings
08c5d950-139f-41a8-a083-485e017ff4ca,Upper GI,esophagitis-b-d,pathological-findings
08d1114a-d31f-4adc-a223-bb3ce1bf9406,Upper GI,esophagitis-b-d,pathological-findings
091cb618-83cd-4875-84f3-d4104094d19a,Upper GI,esophagitis-b-d,pathological-findings
0937e64f-0a1b-49a8-8662-a86d701594d4,Upper GI,esophagitis-b-d,pathological-findings
09581582-febc-4809-b42d-335f578f7ed8,Upper GI,esophagitis-b-d,pathological-findings
0958f0bb-b36e-4845-bc89-5b6c85375239,Upper GI,esophagitis-b-d,pathological-findings
09f6e9d8-6826-479c-a8db-ba0d404c0638,Upper GI,esophagitis-b-d,pathological-findings
0a4b57d8-fc69-4f64-86ca-39cd5ddfb99e,Upper GI,esophagitis-b-d,pathological-findings
0c61e231-f0ee-4088-9681-ee7e93c829e9,Upper GI,esophagitis-b-d,pathological-findings
0d928302-52da-40cc-ba05-c5d782f12847,Upper GI,esophagitis-b-d,pathological-findings
12c3c218-1d39-489b-833c-1c2e2f161d32,Upper GI,esophagitis-b-d,pathological-findings
14c0c0a9-f8c4-4d03-a637-ee3faff9fd3f,Upper GI,esophagitis-b-d,pathological-findings
1645b356-05db-4f89-811a-1f2bb12bc051,Upper GI,esophagitis-b-d,pathological-findings
16d67d05-9ccf-41b4-a906-9382b9277fcb,Upper GI,esophagitis-b-d,pathological-findings
17846bb5-1d97-4706-965d-69864489c734,Upper GI,esophagitis-b-d,pathological-findings
18c1212c-ff6a-40a3-8f9c-c24b160a6c5d,Upper GI,esophagitis-b-d,pathological-findings
19edad77-99ac-4a31-a6c4-c6f65b60a776,Upper GI,esophagitis-b-d,pathological-findings
1b0e781f-e2a4-440d-804c-fe8dd3a3f541,Upper GI,esophagitis-b-d,pathological-findings
1bc60e68-519b-4475-899e-ea039ace34dd,Upper GI,esophagitis-b-d,pathological-findings
1f95c765-cf58-4e60-b597-fc40eda78432,Upper GI,esophagitis-b-d,pathological-findings
20917ebd-faa3-4205-86a3-8f3af5a06838,Upper GI,esophagitis-b-d,pathological-findings
21398e05-efaa-4011-9edc-f65cde2b2d4c,Upper GI,esophagitis-b-d,pathological-findings
2154b279-cf96-456a-9892-4be2d3c3adeb,Upper GI,esophagitis-b-d,pathological-findings
215e3e70-b0cf-4bbb-bd5a-20115072e392,Upper GI,esophagitis-b-d,pathological-findings
21752476-fc5b-4632-aafd-dd8ebd4a50d2,Upper GI,esophagitis-b-d,pathological-findings
235933ae-83ab-4c06-917b-3699e03f3da2,Upper GI,esophagitis-b-d,pathological-findings
23b0e0b5-f02b-49f2-8c90-a8fecde0c64f,Upper GI,esophagitis-b-d,pathological-findings
23f743a4-b524-49d2-b593-f0e9cd21fa0b,Upper GI,esophagitis-b-d,pathological-findings
247884cd-23e0-476f-b8c0-23f0ed832949,Upper GI,esophagitis-b-d,pathological-findings
25db6c5a-911e-4495-8028-302d0604140c,Upper GI,esophagitis-b-d,pathological-findings
264809ea-99e5-46b3-8ba4-22dadbb64fa2,Upper GI,esophagitis-b-d,pathological-findings
26afca67-62c5-4a49-be42-178d7c5b8386,Upper GI,esophagitis-b-d,pathological-findings
270a4005-6f67-4339-bf8d-7eaf438d8825,Upper GI,esophagitis-b-d,pathological-findings
2781c666-02c3-4d21-9918-348364048b28,Upper GI,esophagitis-b-d,pathological-findings
29876030-cb35-48ed-bd3f-52a05ea8f1b0,Upper GI,esophagitis-b-d,pathological-findings
2a4dd051-5901-4ecb-b83f-a4a8bd736a09,Upper GI,esophagitis-b-d,pathological-findings
2b934077-d0e9-4845-9cd4-5e8e8db08fb6,Upper GI,esophagitis-b-d,pathological-findings
2c5fca7e-94ae-4d2b-8374-beef07151f03,Upper GI,esophagitis-b-d,pathological-findings
2c73324a-b85e-40c9-915b-cc800bd14d54,Upper GI,esophagitis-b-d,pathological-findings
2dfd81ce-ef2b-4653-8b26-ed2e025e19f9,Upper GI,esophagitis-b-d,pathological-findings
2f57f73f-7d8f-4625-9956-a5efb8704061,Upper GI,esophagitis-b-d,pathological-findings
32685ce4-7967-4fef-89ae-87f52fd8792c,Upper GI,esophagitis-b-d,pathological-findings
32905589-ac24-4d02-87df-72b4454adb2c,Upper GI,esophagitis-b-d,pathological-findings
3344ca2b-8621-4ffc-9e16-c0755f38e9b5,Upper GI,esophagitis-b-d,pathological-findings
33cb49b8-0146-46b0-8b85-64e0c8e6bce0,Upper GI,esophagitis-b-d,pathological-findings
349fde74-f50a-41a0-920a-23c2a5e7c08f,Upper GI,esophagitis-b-d,pathological-findings
368c1fa0-dd4b-41fc-a0fc-c58a777c8398,Upper GI,esophagitis-b-d,pathological-findings
37ad75c5-f7af-45e6-8f7a-8261bd7e1fbc,Upper GI,esophagitis-b-d,pathological-findings
38a4624e-2433-4e65-b01a-cd59f881380a,Upper GI,esophagitis-b-d,pathological-findings
39062b2b-101c-4950-bcce-18952832649b,Upper GI,esophagitis-b-d,pathological-findings
396b1cf0-47cd-4799-bcdc-2001d8773bf2,Upper GI,esophagitis-b-d,pathological-findings
3a76873d-7119-471e-834e-72d5a2389314,Upper GI,esophagitis-b-d,pathological-findings
3b48f336-f395-4cec-9127-d024229abcb6,Upper GI,esophagitis-b-d,pathological-findings
3b8b78db-7588-458f-8d54-3544a429f80f,Upper GI,esophagitis-b-d,pathological-findings
3b94383e-35ca-42d6-8db9-b79bbd833637,Upper GI,esophagitis-b-d,pathological-findings
3b9b2877-7b6e-41b1-85f7-1874b09ad8bc,Upper GI,esophagitis-b-d,pathological-findings
3d2b4143-4efc-4a81-bda0-db68ff1636ec,Upper GI,esophagitis-b-d,pathological-findings
3d8e14cd-f41d-495d-9cda-29847202f4a4,Upper GI,esophagitis-b-d,pathological-findings
3e5e0ba5-58ee-4aac-a033-ba24970622b3,Upper GI,esophagitis-b-d,pathological-findings
3fd96939-7949-4ed9-90ef-f58aabce2e98,Upper GI,esophagitis-b-d,pathological-findings
4052efa6-0bdc-4faf-af43-6fb07a758c37,Upper GI,esophagitis-b-d,pathological-findings
4057d2a1-d26d-43f8-9647-a4b2d59a8a0c,Upper GI,esophagitis-b-d,pathological-findings
405e069a-a27b-4b16-8bc7-5d6984956eaf,Upper GI,esophagitis-b-d,pathological-findings
442b59e8-378a-4930-93e0-d9b990120d56,Upper GI,esophagitis-b-d,pathological-findings
44357b92-f5d6-4cd7-a910-a6c6dfea4e38,Upper GI,esophagitis-b-d,pathological-findings
459eb2f9-41f2-4449-b963-3d3f1e706f09,Upper GI,esophagitis-b-d,pathological-findings
46e396cf-e256-44be-96cf-8199143982a8,Upper GI,esophagitis-b-d,pathological-findings
4742be87-ab5c-49b9-9d58-39dc6fb91939,Upper GI,esophagitis-b-d,pathological-findings
47faeb54-0358-4064-b480-aefc4a0225b3,Upper GI,esophagitis-b-d,pathological-findings
48381404-6ca1-4b1b-aa4f-6825ce5c052e,Upper GI,esophagitis-b-d,pathological-findings
48d7dd14-2fa3-4e98-aef9-38b9dca40b8b,Upper GI,esophagitis-b-d,pathological-findings
48f6dbd2-482d-4f1c-9e30-dd642b1cdce6,Upper GI,esophagitis-b-d,pathological-findings
49cfc435-3a9c-4298-9bb2-57baa80e7c8b,Upper GI,esophagitis-b-d,pathological-findings
4aebc2c1-7507-4f12-afd6-2125f013ae59,Upper GI,esophagitis-b-d,pathological-findings
4b587b71-064c-4349-a172-d6c8d9cf9fc4,Upper GI,esophagitis-b-d,pathological-findings
4de04c12-5301-44de-8a2a-cd7628872b09,Upper GI,esophagitis-b-d,pathological-findings
525be13b-cacb-4b04-a02e-f78ac9acee7e,Upper GI,esophagitis-b-d,pathological-findings
5309e6c4-ceae-477c-aa97-c0beca15065c,Upper GI,esophagitis-b-d,pathological-findings
541b6d4b-3924-4032-a95d-0f8ec19381a0,Upper GI,esophagitis-b-d,pathological-findings
551de599-3fc9-462b-910b-656e4a26a993,Upper GI,esophagitis-b-d,pathological-findings
57f83740-f8a2-427b-ad46-055684917e9e,Upper GI,esophagitis-b-d,pathological-findings
5a14a4ba-12b6-4ee1-9f48-2e8d8895204c,Upper GI,esophagitis-b-d,pathological-findings
5b0c056d-6d42-4201-b25b-0dc07b5da60f,Upper GI,esophagitis-b-d,pathological-findings
5d35f8f9-050f-4faa-a1a9-cd3933ac324a,Upper GI,esophagitis-b-d,pathological-findings
5dacb000-8c85-4e27-a245-092528cd6388,Upper GI,esophagitis-b-d,pathological-findings
5f7c5c35-fe0c-4c11-a15a-323fecd048fb,Upper GI,esophagitis-b-d,pathological-findings
5fdf64aa-6aba-4782-a869-88fc9d1c7f53,Upper GI,esophagitis-b-d,pathological-findings
63905558-50c6-41f6-9323-da61722c81fb,Upper GI,esophagitis-b-d,pathological-findings
64045bbf-5e57-41da-a8ee-0a1fd1448457,Upper GI,esophagitis-b-d,pathological-findings
649428a8-6cf6-4322-858b-31213b64de7e,Upper GI,esophagitis-b-d,pathological-findings
64b33d33-7f85-439f-8d1b-c8f19d239272,Upper GI,esophagitis-b-d,pathological-findings
65b1fbd6-96a7-45e9-809e-4f13ad3d20ea,Upper GI,esophagitis-b-d,pathological-findings
66cc0870-7b08-4c81-8340-88aa9e8c7aa1,Upper GI,esophagitis-b-d,pathological-findings
68afad8c-587f-4d84-8c9a-601963acf583,Upper GI,esophagitis-b-d,pathological-findings
68c4ce88-6d50-4c96-af97-db43d048c33b,Upper GI,esophagitis-b-d,pathological-findings
68d4e802-901d-496f-91bb-96421e0535f5,Upper GI,esophagitis-b-d,pathological-findings
693adee9-a5ea-47ad-a7a7-d2b91b444800,Upper GI,esophagitis-b-d,pathological-findings
694a7136-844a-434c-a66a-c300ffb63f50,Upper GI,esophagitis-b-d,pathological-findings
69d3eadd-8c94-4849-94c1-fdfbf77f2a4c,Upper GI,esophagitis-b-d,pathological-findings
6aa7f1ba-7e09-4787-9675-d0c8b2104c48,Upper GI,esophagitis-b-d,pathological-findings
6b8e1dfd-23c4-4ccf-915a-7bfe51022034,Upper GI,esophagitis-b-d,pathological-findings
6da50dda-839d-4ef6-a782-1d1cea960dc0,Upper GI,esophagitis-b-d,pathological-findings
700ae087-89c0-4bbf-96c6-dba46ce5beef,Upper GI,esophagitis-b-d,pathological-findings
70122fca-cf6e-47c8-81e7-73f4b47f9673,Upper GI,esophagitis-b-d,pathological-findings
70b97592-7a4a-4ffe-901b-8587738a6ad3,Upper GI,esophagitis-b-d,pathological-findings
73568f45-070e-44d8-a72a-31b158ea4360,Upper GI,esophagitis-b-d,pathological-findings
7540badf-9da4-4c94-838e-e716c8a59cec,Upper GI,esophagitis-b-d,pathological-findings
758a89f7-a3d1-49ce-b426-3f03e8b1403a,Upper GI,esophagitis-b-d,pathological-findings
75e356fa-38a2-4574-9012-0ed09ee06755,Upper GI,esophagitis-b-d,pathological-findings
76bbc107-e23e-454d-af31-08e67b6ad669,Upper GI,esophagitis-b-d,pathological-findings
77b4d81b-ea54-432f-975b-b5405643a68f,Upper GI,esophagitis-b-d,pathological-findings
78d51d6a-67c6-49f0-a41a-d734a32e9613,Upper GI,esophagitis-b-d,pathological-findings
79d3a3c5-1139-47c7-94d4-be437207cc43,Upper GI,esophagitis-b-d,pathological-findings
7b275340-75d5-4a80-8579-7f71fc86c45a,Upper GI,esophagitis-b-d,pathological-findings
7b2fffbb-de94-4ff8-a8be-ec77c0b06c98,Upper GI,esophagitis-b-d,pathological-findings
7b7169e5-4206-4a66-b0cd-60236923b4c5,Upper GI,esophagitis-b-d,pathological-findings
7bfde6d8-240d-451e-afb4-5cde447146fd,Upper GI,esophagitis-b-d,pathological-findings
7c876415-efc0-4d94-b60c-d63e339f301e,Upper GI,esophagitis-b-d,pathological-findings
7cc9d82b-b027-4bc1-88b6-69b5a8625e52,Upper GI,esophagitis-b-d,pathological-findings
7de750dd-8828-470d-97d0-89a79e34fb2b,Upper GI,esophagitis-b-d,pathological-findings
80172111-6180-48ce-b78c-f80f8f6e2e46,Upper GI,esophagitis-b-d,pathological-findings
811816a2-64a7-4d42-ae4d-b05acd905a8f,Upper GI,esophagitis-b-d,pathological-findings
81fb7bb7-8bc2-474f-b5bf-b9614980ed0a,Upper GI,esophagitis-b-d,pathological-findings
84c46790-a66f-493d-9981-4cbf410e51db,Upper GI,esophagitis-b-d,pathological-findings
86b75225-837c-4b23-88af-0730cf8740f7,Upper GI,esophagitis-b-d,pathological-findings
874e629f-cf90-44f1-bf6b-2f2248da693d,Upper GI,esophagitis-b-d,pathological-findings
88c21cfc-5d6c-4c8b-9d9a-7f161257faa1,Upper GI,esophagitis-b-d,pathological-findings
8aea82be-5b43-44b2-95eb-4df9445b0fb5,Upper GI,esophagitis-b-d,pathological-findings
8b194261-f053-4496-b13e-f79d15e157e3,Upper GI,esophagitis-b-d,pathological-findings
8b6b3f42-27e0-46a0-9a34-629903921ee8,Upper GI,esophagitis-b-d,pathological-findings
8b9a1470-1bbe-4e3f-bd8f-9e21b6465cb6,Upper GI,esophagitis-b-d,pathological-findings
8cc7cc9c-fe58-420e-985e-046193afbc55,Upper GI,esophagitis-b-d,pathological-findings
90471f07-e1c4-4073-a113-d0e81d11e49e,Upper GI,esophagitis-b-d,pathological-findings
91b661ba-d464-4fc5-8c34-ca16b21abb17,Upper GI,esophagitis-b-d,pathological-findings
91e1cbac-bc07-47c0-a1cc-d400afb88bd6,Upper GI,esophagitis-b-d,pathological-findings
927628ae-c53c-4bfc-9601-8580330b16f8,Upper GI,esophagitis-b-d,pathological-findings
934a1c1e-f4f7-48e2-ba6c-fdda6874423e,Upper GI,esophagitis-b-d,pathological-findings
94b6ab8e-17b5-4d5e-862f-0492d656439f,Upper GI,esophagitis-b-d,pathological-findings
954ef44c-2ea5-490d-aa30-d38a5421d5ba,Upper GI,esophagitis-b-d,pathological-findings
95791dc8-f140-4faf-bcb7-ef5868003226,Upper GI,esophagitis-b-d,pathological-findings
95c114e7-17ee-49dd-aa35-b6f5815dc12c,Upper GI,esophagitis-b-d,pathological-findings
97347c09-bfa3-4e68-bce3-ba47cb777f29,Upper GI,esophagitis-b-d,pathological-findings
97a81ef4-3f88-4a0c-a3c8-dbd351623b14,Upper GI,esophagitis-b-d,pathological-findings
99a4bae7-d05b-4f1a-9f69-a49c83472e90,Upper GI,esophagitis-b-d,pathological-findings
99b45706-2b73-4742-a038-006307d1aeb7,Upper GI,esophagitis-b-d,pathological-findings
9abfd774-c339-41d6-a938-290729178de3,Upper GI,esophagitis-b-d,pathological-findings
9b05bae1-9689-4140-b0a0-c85ec8cf41ef,Upper GI,esophagitis-b-d,pathological-findings
9bdd0f81-489d-4ee3-90af-89312f428377,Upper GI,esophagitis-b-d,pathological-findings
9c63f997-0f11-4b8f-ba3f-a1160d75df9c,Upper GI,esophagitis-b-d,pathological-findings
9d799a83-7313-4187-a511-fe9f482b1c11,Upper GI,esophagitis-b-d,pathological-findings
9dfff361-4e11-4dbe-9652-f2a4c4677498,Upper GI,esophagitis-b-d,pathological-findings
9e5600b9-e170-4855-9586-7d9e5d8d01d6,Upper GI,esophagitis-b-d,pathological-findings
a0acf315-0591-4a67-a8be-ae92393ebae7,Upper GI,esophagitis-b-d,pathological-findings
a0ec2fdb-ec02-47ee-93f2-39369f29cb96,Upper GI,esophagitis-b-d,pathological-findings
a1565e47-f29b-4879-a4a3-66f87963575d,Upper GI,esophagitis-b-d,pathological-findings
a19763f6-2173-40a4-81ac-cd3190e93985,Upper GI,esophagitis-b-d,pathological-findings
a1d641fb-61a6-4d60-9292-95b702c4c7f5,Upper GI,esophagitis-b-d,pathological-findings
a3aa1099-7694-45f9-a638-19912ab0819a,Upper GI,esophagitis-b-d,pathological-findings
a61ea2e7-f522-4961-9219-d71ad1af1041,Upper GI,esophagitis-b-d,pathological-findings
a697c5b6-0401-4478-8f71-589daf125760,Upper GI,esophagitis-b-d,pathological-findings
a69d5e1b-1816-420c-a4e2-6be68345e611,Upper GI,esophagitis-b-d,pathological-findings
a7073779-be17-43a4-b450-bf89669526a3,Upper GI,esophagitis-b-d,pathological-findings
a80dba36-9fc9-4718-bac4-0e45515dbfbc,Upper GI,esophagitis-b-d,pathological-findings
a8d75c5b-df66-42ac-85c0-a68682ab680e,Upper GI,esophagitis-b-d,pathological-findings
a8f81645-f715-4ef6-8b0d-21ef4c93bfde,Upper GI,esophagitis-b-d,pathological-findings
a902d51f-9709-4c6a-9579-4f4691a2029f,Upper GI,esophagitis-b-d,pathological-findings
a97c5bd2-8424-437e-81e3-0933c61054e4,Upper GI,esophagitis-b-d,pathological-findings
ab9be729-ee74-4d8d-8564-118f638d720d,Upper GI,esophagitis-b-d,pathological-findings
abd6fd3d-7735-4ac0-b2cb-cb8a4607f9f3,Upper GI,esophagitis-b-d,pathological-findings
adc7b3b2-f51e-48ab-b8c9-609f87d4f71d,Upper GI,esophagitis-b-d,pathological-findings
adca5f64-d085-4b0f-9307-d1af247d925f,Upper GI,esophagitis-b-d,pathological-findings
ae003c46-051b-4a23-a10b-90a07614f23f,Upper GI,esophagitis-b-d,pathological-findings
afc1fe80-1823-406b-884e-c97428460efd,Upper GI,esophagitis-b-d,pathological-findings
b0560185-fa6f-4cfa-bd98-bfbe19b18eb2,Upper GI,esophagitis-b-d,pathological-findings
b1545f5d-436f-4812-a3e8-00a71952cc6e,Upper GI,esophagitis-b-d,pathological-findings
b15bba97-5d2d-4200-8394-492040ba43f4,Upper GI,esophagitis-b-d,pathological-findings
b28c040a-eee6-45c5-96a8-bb31dd120c80,Upper GI,esophagitis-b-d,pathological-findings
b3b7fdaf-a7a4-4da6-acb9-eb8a48fc1461,Upper GI,esophagitis-b-d,pathological-findings
b65c5111-16f6-46d3-bf29-8e8626cabe93,Upper GI,esophagitis-b-d,pathological-findings
b8fdaf52-98dd-44f6-892b-ec6ff600871a,Upper GI,esophagitis-b-d,pathological-findings
b9051e33-031f-495c-88d5-1710829246b0,Upper GI,esophagitis-b-d,pathological-findings
b95c3baa-0c85-487b-82e5-8ef90fb7b9a1,Upper GI,esophagitis-b-d,pathological-findings
ba867939-78b9-4aea-8a2c-8016c276c017,Upper GI,esophagitis-b-d,pathological-findings
ba8a3c15-0c6c-4681-b0cb-589f906b3bf5,Upper GI,esophagitis-b-d,pathological-findings
baefe9fa-c451-4246-8947-9a4901665e60,Upper GI,esophagitis-b-d,pathological-findings
bc763a1d-8c8f-4725-926b-a6475069d452,Upper GI,esophagitis-b-d,pathological-findings
bd17f84e-d6d5-4be8-bf34-0ae2a50630b0,Upper GI,esophagitis-b-d,pathological-findings
be5091f7-3e91-43c9-aca1-1d5e357092e5,Upper GI,esophagitis-b-d,pathological-findings
bebff700-3b3d-4910-8973-5f7d3c335bf9,Upper GI,esophagitis-b-d,pathological-findings
becd0b8a-8283-4a85-b7fe-a676133771c7,Upper GI,esophagitis-b-d,pathological-findings
bf622251-bb2f-4593-8304-62d14aa31744,Upper GI,esophagitis-b-d,pathological-findings
bfd7dca8-336b-4d88-8799-d0dab2bcb8ee,Upper GI,esophagitis-b-d,pathological-findings
c0b68da7-89fb-436f-b5e6-1ece6438a474,Upper GI,esophagitis-b-d,pathological-findings
c1d280f4-18fb-4d2e-a361-9787ea093e6f,Upper GI,esophagitis-b-d,pathological-findings
c36b0e1a-7e0a-4b06-a559-342c417af14c,Upper GI,esophagitis-b-d,pathological-findings
c425ea3a-ab93-40c7-82c2-56039a7fbdd7,Upper GI,esophagitis-b-d,pathological-findings
c5080f2e-f6d1-4688-a9bc-672f523fa0b9,Upper GI,esophagitis-b-d,pathological-findings
c55f9f52-1074-4b06-93a6-cef11d056da3,Upper GI,esophagitis-b-d,pathological-findings
c6e1af37-16c7-4283-99fe-876074c44417,Upper GI,esophagitis-b-d,pathological-findings
c7b06f41-c81a-4a7e-92f7-d2a76e4e6a72,Upper GI,esophagitis-b-d,pathological-findings
c7f83c86-310d-44cb-a6d9-d8d3bd86126a,Upper GI,esophagitis-b-d,pathological-findings
c8124bc0-9a13-4021-8863-96cfc391a237,Upper GI,esophagitis-b-d,pathological-findings
c846a755-7f1e-4b08-aefb-06690c3f0f21,Upper GI,esophagitis-b-d,pathological-findings
c8e880b1-4151-4325-81af-8bc5fa3cf210,Upper GI,esophagitis-b-d,pathological-findings
c9e130b3-9ac1-4c9f-8d00-a715bc4c64c1,Upper GI,esophagitis-b-d,pathological-findings
ca36f716-bf17-4d70-bec2-c00275d6e74b,Upper GI,esophagitis-b-d,pathological-findings
ca48b92d-d4a1-4aeb-912f-fd32ed21d382,Upper GI,esophagitis-b-d,pathological-findings
cafd1379-9fd9-491e-8262-774b794e4bb3,Upper GI,esophagitis-b-d,pathological-findings
cc38ccd8-2dc1-465e-943f-35aa6e004c77,Upper GI,esophagitis-b-d,pathological-findings
cc49074e-59a8-4195-b38c-006efab7f6b7,Upper GI,esophagitis-b-d,pathological-findings
cc689a0f-3ac1-40e3-ae9c-79238b9e3d0f,Upper GI,esophagitis-b-d,pathological-findings
cd2315ab-b20b-49d8-bdcb-65dc017efb9e,Upper GI,esophagitis-b-d,pathological-findings
cdbfe622-ffe0-462a-bbad-bf2324c4b342,Upper GI,esophagitis-b-d,pathological-findings
ce1c7a70-83cd-49eb-b68e-81e19fbd1dcf,Upper GI,esophagitis-b-d,pathological-findings
cecd9fbe-2983-44db-9c53-0e96f052fd30,Upper GI,esophagitis-b-d,pathological-findings
d16ecac6-2fa6-40f8-a1bd-6b07f1191488,Upper GI,esophagitis-b-d,pathological-findings
d29fce5b-a2c0-4d72-a6fc-9dbb0527a17f,Upper GI,esophagitis-b-d,pathological-findings
d68905aa-d584-44c8-91c1-65f738fc6b2b,Upper GI,esophagitis-b-d,pathological-findings
d9bdf55c-fe7b-45e7-a6d7-374f3d57f94d,Upper GI,esophagitis-b-d,pathological-findings
db7e99ab-be5e-4ee9-a2eb-32a8c426c5ab,Upper GI,esophagitis-b-d,pathological-findings
de0f50da-0636-4bed-9d77-f8372b9ae8be,Upper GI,esophagitis-b-d,pathological-findings
de9f7835-c4c1-4773-b38b-83423573ba2b,Upper GI,esophagitis-b-d,pathological-findings
dee5f85e-22f5-4520-8582-fdeedb18de1b,Upper GI,esophagitis-b-d,pathological-findings
dfe47cf3-c378-4964-9b3f-e938dfd75175,Upper GI,esophagitis-b-d,pathological-findings
e03a7988-5318-42fb-8675-9c1e73b3798d,Upper GI,esophagitis-b-d,pathological-findings
e0e4d542-f4d7-4d32-9aa4-166e1b893797,Upper GI,esophagitis-b-d,pathological-findings
e16a3465-5c68-476a-b2f7-fbbdfa5e62b4,Upper GI,esophagitis-b-d,pathological-findings
e213403d-aa0a-4a6d-bd74-b4befaa71ecd,Upper GI,esophagitis-b-d,pathological-findings
e24ef638-92a5-41c9-977a-9af9660f6d2a,Upper GI,esophagitis-b-d,pathological-findings
e320cd98-e009-4bbf-96b5-bcdafd72165d,Upper GI,esophagitis-b-d,pathological-findings
e3bb5d78-da8b-481b-b10c-6b3197e13980,Upper GI,esophagitis-b-d,pathological-findings
e5625d75-ab53-4bac-852c-8472f54a07b2,Upper GI,esophagitis-b-d,pathological-findings
e7df8580-e370-4775-bf3b-608860b1231a,Upper GI,esophagitis-b-d,pathological-findings
e80a909a-c027-49b4-9d74-a7c8f95df0a0,Upper GI,esophagitis-b-d,pathological-findings
e9039e9f-28bf-4103-b825-a90c6cce726a,Upper GI,esophagitis-b-d,pathological-findings
ebfee775-1cb6-452e-9d4f-c9bd831d2bf4,Upper GI,esophagitis-b-d,pathological-findings
ec7fff59-335b-4741-a56e-43bb997833de,Upper GI,esophagitis-b-d,pathological-findings
f0a73083-cf60-4f8b-8252-4b2f91178988,Upper GI,esophagitis-b-d,pathological-findings
f0fb0890-780d-4fff-b690-6a1e21849755,Upper GI,esophagitis-b-d,pathological-findings
f1115396-13b5-446b-8cb4-81ef4b106ea5,Upper GI,esophagitis-b-d,pathological-findings
f1383129-b4e6-4632-bc99-99c9ceceee9f,Upper GI,esophagitis-b-d,pathological-findings
f2576130-86e9-464a-bc97-70975c0eb1ff,Upper GI,esophagitis-b-d,pathological-findings
f30a6a2c-4012-4ad7-816f-709cae7a6ba1,Upper GI,esophagitis-b-d,pathological-findings
f3e426fb-2ad1-40f8-92f5-a4fb328962a9,Upper GI,esophagitis-b-d,pathological-findings
f5dd05bd-eafa-4c04-acd7-dbc7ae63dae9,Upper GI,esophagitis-b-d,pathological-findings
f68d2acf-843b-42e9-8d4b-0cfb0baad9e2,Upper GI,esophagitis-b-d,pathological-findings
f758d147-705d-4b38-8b3f-60b985ec391f,Upper GI,esophagitis-b-d,pathological-findings
f7bdc734-1af2-4090-82c5-421e361dd226,Upper GI,esophagitis-b-d,pathological-findings
f7dd198b-88f0-4566-b8f4-81c8c2fee1ed,Upper GI,esophagitis-b-d,pathological-findings
f9a06ca3-3500-4e5e-ac46-110b52963a99,Upper GI,esophagitis-b-d,pathological-findings
fb31e2c2-c8db-42b3-bbf1-564e42076a8e,Upper GI,esophagitis-b-d,pathological-findings
fe6c191e-3da0-4f18-9e38-8f7a11097a3b,Upper GI,esophagitis-b-d,pathological-findings
ff4f2ed2-69a8-455d-894a-8d536b324653,Upper GI,esophagitis-b-d,pathological-findings